id,create_user,create_time,update_user,update_time,is_delete,title,icon,parent_id,path,component,target,permission,type,status,hide,sort,note
1,1,2023-02-12 10:51:55.000000,1,2023-02-12 10:51:55.000000,0,控制面板,el-icon-house,0,/dashboard,"",_self,"",0,1,0,0,""
2,1,2023-02-12 10:51:55.000000,1,2023-02-12 10:51:55.000000,0,工作台,el-icon-monitor,1,/dashboard/workplace,/dashboard/workplace,_self,"",0,1,0,1,""
3,1,2023-02-12 10:51:55.000000,1,2023-02-12 10:51:55.000000,0,数据分析,el-icon-data-analysis,1,/dashboard/analysis,/dashboard/analysis,_self,"",0,1,0,5,""
4,1,2023-02-12 10:51:55.000000,1,2023-02-12 10:51:55.000000,0,系统管理,el-icon-setting,0,/system,"",_self,"",0,1,0,40,""
5,1,2023-11-17 10:46:22.000000,1,2023-11-17 10:46:25.000000,0,用户管理,el-icon-_user-group,4,/system/user,/system/user,_self,sys:user:view,0,1,0,1,
13,1,2023-11-17 10:50:01.000000,1,2023-11-17 10:50:20.000000,0,角色管理,el-icon-postcard,4,/system/role,/system/role,_self,sys:role:view,0,1,0,5,
20,1,2023-11-17 10:37:47.000000,0,2023-11-17 10:37:53.000000,0,菜单管理,el-icon-s-operation,4,/system/menu,/system/menu,_self,sys:menu:view,0,1,0,10,
28,1,2023-11-17 10:53:45.000000,1,2023-11-17 10:54:03.000000,0,职级管理,el-icon-bangzhu,4,/system/level,/system/level,"('_self',)",sys:level:view,0,1,0,15,""
36,1,2023-11-17 10:56:38.000000,1,2023-11-17 10:56:44.000000,0,岗位管理,el-icon-_prerogative,4,/system/position,/system/position,"('_self',)",sys:position:view,0,1,0,20,""
43,1,2023-11-17 10:59:32.000000,1,2023-11-17 10:59:36.000000,0,部门管理,el-icon-office-building,4,/system/dept,/system/dept,_self,sys:dept:view,0,1,0,25,
51,1,2023-02-12 10:51:55.000000,1,2023-02-12 10:51:55.000000,1,登录日志,el-icon-date,4,/system/loginlog,/system/loginlog,_self,sys:loginlog:view,0,1,0,30,""
56,1,2023-02-12 10:51:55.000000,1,2023-02-12 10:51:55.000000,1,操作日志,el-icon-_template,4,/system/operlog,/system/operlog,_self,sys:operlog:view,0,1,0,35,""
61,1,2023-02-12 10:51:55.000000,1,2023-02-12 10:51:55.000000,1,数据中心,el-icon-_mate,0,/data,"",_self,"",0,1,0,5,""
62,1,2023-02-12 10:51:55.000000,1,2023-02-12 10:51:55.000000,1,字典管理,el-icon-notebook-1,61,/data/dictionary,/data/dictionary,"('_self',)","",0,1,0,1,""
68,1,2023-02-12 10:51:55.000000,1,2023-02-12 10:51:55.000000,1,城市管理,el-icon-_network,61,/data/city,/data/city,"('_self',)","",0,1,0,5,""
76,1,2023-02-12 10:51:55.000000,1,2023-02-12 10:51:55.000000,1,配置管理,el-icon-_mate,61,/data/config,/data/config,"('_self',)","",0,1,0,10,""
82,1,2023-02-12 10:51:55.000000,1,2023-02-12 10:51:55.000000,1,通知公告,el-icon-close-notification,61,/message/notice,/message/notice,"('_self',)","",0,1,0,15,""
89,1,2023-02-12 10:51:55.000000,1,2023-02-12 10:51:55.000000,1,个人中心,el-icon-_setting,0,/user,"",_self,"",0,1,0,8,""
90,1,2023-02-12 10:51:55.000000,1,2023-02-12 10:51:55.000000,1,个人资料,el-icon-user,89,/user/profile,/user/profile,"('_self',)","",0,1,0,1,""
92,1,2023-02-12 10:51:55.000000,1,2023-02-12 10:51:55.000000,1,运营中心,el-icon-bank-card,0,/operate,"",_self,"",0,1,0,10,""
93,1,2023-02-12 10:51:55.000000,1,2023-02-12 10:51:55.000000,1,站点管理,el-icon-_setting,170,/content/item,/content/item,"('_self',)","",0,1,0,1,""
100,1,2023-02-12 10:51:55.000000,1,2023-02-12 10:51:55.000000,1,栏目管理,el-icon-bank-card,170,/content/itemcate,/content/itemcate,"('_self',)","",0,1,0,5,""
109,1,2023-02-12 10:51:55.000000,1,2023-02-12 10:51:55.000000,1,广告位管理,el-icon-_pad,92,/operate/adsort,/operate/adsort,"('_self',)","",0,1,0,10,""
115,1,2023-02-12 10:51:55.000000,1,2023-02-12 10:51:55.000000,1,广告管理,el-icon-set-up,92,/operate/ad,/operate/ad,"('_self',)","",0,1,0,15,""
121,1,2023-02-12 10:51:55.000000,1,2023-02-12 10:51:55.000000,1,布局描述管理,el-icon-_setting,92,/operate/layoutdesc,/operate/layoutdesc,_self,"",0,1,0,20,""
127,1,2023-02-12 10:51:55.000000,1,2023-02-12 10:51:55.000000,1,布局管理,el-icon-_setting,92,/operate/layout,/operate/layout,_self,"",0,1,0,25,""
133,1,2023-02-12 10:51:55.000000,1,2023-02-12 10:51:55.000000,1,友链管理,el-icon-_connecting-line,61,/data/link,/data/link,"('_self',)","",0,1,0,30,""
140,1,2023-02-12 10:51:55.000000,1,2023-02-12 10:51:55.000000,1,会员管理,el-icon-user,0,/member,"",_self,"",0,1,0,25,""
141,1,2023-02-12 10:51:55.000000,1,2023-02-12 10:51:55.000000,1,会员等级,el-icon-user,140,/member/memberlevel,/member/memberlevel,"('_self',)","",0,1,0,1,""
147,1,2023-02-12 10:51:55.000000,1,2023-02-12 10:51:55.000000,1,会员管理,el-icon-_user-group,140,/member/member,/member/member,"('_self',)","",0,1,0,5,""
154,1,2023-02-12 10:51:55.000000,1,2023-02-12 10:51:55.000000,1,系统工具,el-icon-_setting,0,/tool,"",_self,"",0,1,0,30,""
155,1,2023-02-12 10:51:55.000000,1,2023-02-12 10:51:55.000000,1,代码生成,el-icon-s-tools,154,/tool/generate,/tool/generate,_self,"",0,1,0,1,""
162,1,2023-02-12 10:51:55.000000,1,2023-02-12 10:51:55.000000,1,获取授权,el-icon-_prerogative,0,https://www.djangoadmin.cn/goods/detail/2,"",_self,"",0,1,0,35,""
163,1,2023-02-12 10:51:55.000000,1,2023-02-12 10:51:55.000000,1,开发文档,el-icon-copy-document,0,http://docs.django.elevue.djangoadmin.cn,"",_self,"",0,1,0,40,""
164,1,2023-02-12 10:51:55.000000,1,2023-02-12 10:51:55.000000,1,案例演示,el-icon-_template,154,/tool/example,"",_self,"",0,1,0,125,""
165,1,2023-02-12 10:51:55.000000,1,2023-02-12 10:51:55.000000,1,演示一,layui-icon-component,164,/tool/example/example,/tool/example/example,_self,sys:example:index,0,1,0,10,""
170,1,2023-02-12 10:51:55.000000,1,2023-02-12 10:51:55.000000,1,内容管理,el-icon-_setting,0,/content,"",_self,"",0,1,0,15,""
177,1,2023-02-12 10:51:55.000000,1,2023-02-12 10:51:55.000000,1,系统设置,el-icon-_setting,0,/setting,"",_self,"",0,1,0,29,""
178,1,2023-02-12 10:51:55.000000,1,2023-02-12 10:51:55.000000,1,网站设置,el-icon-_setting,177,/config/web,/config/web,_self,"",0,1,0,1,""
262,1,2023-02-12 10:51:55.000000,1,2023-02-12 10:51:55.000000,1,官网地址,el-icon-bangzhu,0,https://www.djangoadmin.cn,"",_self,"",0,1,0,34,""
942,1,2023-02-12 10:51:55.000000,1,2023-02-12 10:51:55.000000,1,演示二,layui-icon-component,164,/tool/example/example2,/tool/example/example2,_self,sys:example2:index,0,1,0,10,""
1210,1,2023-02-12 10:51:55.000000,1,2023-02-12 10:51:55.000000,0,查询用户,"",5,/user/list,"",_self,sys:user:list,1,1,0,1,""
1211,1,2023-02-12 10:51:55.000000,1,2023-02-12 10:51:55.000000,0,添加用户,"",5,/user/add,"",_self,sys:user:add,1,1,0,5,""
1212,1,2023-02-12 10:51:55.000000,1,2023-02-12 10:51:55.000000,0,修改用户,"",5,/user/update,"",_self,sys:user:update,1,1,0,10,""
1213,1,2023-02-12 10:51:55.000000,1,2023-02-12 10:51:55.000000,0,删除用户,"",5,/user/delete,"",_self,sys:user:delete,1,1,0,15,""
1214,1,2023-02-12 10:51:55.000000,1,2023-02-12 10:51:55.000000,0,用户详情,"",5,/user/detail,"",_self,sys:user:detail,1,1,0,20,""
1215,1,2023-02-12 10:51:55.000000,1,2023-02-12 10:51:55.000000,0,设置状态,"",5,/user/status,"",_self,sys:user:status,1,1,0,25,""
1216,1,2023-02-12 10:51:55.000000,1,2023-02-12 10:51:55.000000,0,批量删除,"",5,/user/dall,"",_self,sys:user:dall,1,1,0,30,""
1217,1,2023-02-12 10:51:55.000000,1,2023-02-12 10:51:55.000000,0,重置密码,"",5,/user/resetPwd,"",_self,sys:user:resetPwd,1,1,0,65,""
1218,1,2023-02-12 10:51:55.000000,1,2023-02-12 10:51:55.000000,0,导出用户,"",5,/user/export,"",_self,sys:user:export,1,1,0,50,""
1219,1,2023-02-12 10:51:55.000000,1,2023-02-12 10:51:55.000000,0,导入用户,"",5,/user/import,"",_self,sys:user:import,1,1,0,55,""
1220,1,2023-02-12 10:51:55.000000,1,2023-02-12 10:51:55.000000,0,查询角色,"",13,/role/list,"",_self,sys:role:list,1,1,0,1,""
1221,1,2023-02-12 10:51:55.000000,1,2023-02-12 10:51:55.000000,0,添加角色,"",13,/role/add,"",_self,sys:role:add,1,1,0,5,""
1222,1,2023-02-12 10:51:55.000000,1,2023-02-12 10:51:55.000000,0,修改角色,"",13,/role/update,"",_self,sys:role:update,1,1,0,10,""
1223,1,2023-02-12 10:51:55.000000,1,2023-02-12 10:51:55.000000,0,删除角色,"",13,/role/delete,"",_self,sys:role:delete,1,1,0,15,""
1224,1,2023-02-12 10:51:55.000000,1,2023-02-12 10:51:55.000000,0,角色详情,"",13,/role/detail,"",_self,sys:role:detail,1,1,0,20,""
1225,1,2023-02-12 10:51:55.000000,1,2023-02-12 10:51:55.000000,0,批量删除,"",13,/role/dall,"",_self,sys:role:dall,1,1,0,30,""
1226,1,2023-02-12 10:51:55.000000,1,2023-02-12 10:51:55.000000,0,分配权限,"",13,/role/permission,"",_self,sys:role:permission,1,1,0,60,""
1227,1,2023-02-12 10:51:55.000000,1,2023-02-12 10:51:55.000000,0,查询菜单,"",20,/menu/list,"",_self,sys:menu:list,1,1,0,1,""
1228,1,2023-02-12 10:51:55.000000,1,2023-02-12 10:51:55.000000,0,添加菜单,"",20,/menu/add,"",_self,sys:menu:add,1,1,0,5,""
1229,1,2023-02-12 10:51:55.000000,1,2023-02-12 10:51:55.000000,0,修改菜单,"",20,/menu/update,"",_self,sys:menu:update,1,1,0,10,""
1230,1,2023-02-12 10:51:55.000000,1,2023-02-12 10:51:55.000000,0,删除菜单,"",20,/menu/delete,"",_self,sys:menu:delete,1,1,0,15,""
1231,1,2023-02-12 10:51:55.000000,1,2023-02-12 10:51:55.000000,0,批量删除,"",20,/menu/dall,"",_self,sys:menu:dall,1,1,0,30,""
1232,1,2023-02-12 10:51:55.000000,1,2023-02-12 10:51:55.000000,0,添加子级,"",20,/menu/addz,"",_self,sys:menu:addz,1,1,0,35,""
1233,1,2023-02-12 10:51:55.000000,1,2023-02-12 10:51:55.000000,0,全部展开,"",20,/menu/expand,"",_self,sys:menu:expand,1,1,0,40,""
1234,1,2023-02-12 10:51:55.000000,1,2023-02-12 10:51:55.000000,0,菜单详情,"",20,/menu/detail,"",_self,sys:menu:detail,1,1,0,20,""
1235,1,2023-02-12 10:51:55.000000,1,2023-02-12 10:51:55.000000,0,全部折叠,"",20,/menu/collapse,"",_self,sys:menu:collapse,1,1,0,45,""
1260,1,2023-02-12 10:51:55.000000,1,2023-02-12 10:51:55.000000,1,查询登录日志,"",51,/loginlog/list,"",_self,sys:loginlog:list,1,1,0,1,""
1261,1,2023-02-12 10:51:55.000000,1,2023-02-12 10:51:55.000000,1,删除登录日志,"",51,/loginlog/delete,"",_self,sys:loginlog:delete,1,1,0,15,""
1262,1,2023-02-12 10:51:55.000000,1,2023-02-12 10:51:55.000000,1,登录日志详情,"",51,/loginlog/detail,"",_self,sys:loginlog:detail,1,1,0,20,""
1263,1,2023-02-12 10:51:55.000000,1,2023-02-12 10:51:55.000000,1,批量删除,"",51,/loginlog/dall,"",_self,sys:loginlog:dall,1,1,0,30,""
1264,1,2023-02-12 10:51:55.000000,1,2023-02-12 10:51:55.000000,1,导出登录日志,"",51,/loginlog/export,"",_self,sys:loginlog:export,1,1,0,50,""
1314,1,2023-02-12 10:51:55.000000,1,2023-02-12 10:51:55.000000,1,查询广告,"",115,/ad/list,"",_self,sys:ad:list,1,1,0,1,""
1321,1,2023-02-12 10:51:55.000000,1,2023-02-12 10:51:55.000000,1,查询布局描述,"",121,/layoutdesc/list,"",_self,sys:layoutdesc:list,1,1,0,1,""
1322,1,2023-02-12 10:51:55.000000,1,2023-02-12 10:51:55.000000,1,添加布局描述,"",121,/layoutdesc/add,"",_self,sys:layoutdesc:add,1,1,0,5,""
1323,1,2023-02-12 10:51:55.000000,1,2023-02-12 10:51:55.000000,1,修改布局描述,"",121,/layoutdesc/update,"",_self,sys:layoutdesc:update,1,1,0,10,""
1324,1,2023-02-12 10:51:55.000000,1,2023-02-12 10:51:55.000000,1,删除布局描述,"",121,/layoutdesc/delete,"",_self,sys:layoutdesc:delete,1,1,0,15,""
1325,1,2023-02-12 10:51:55.000000,1,2023-02-12 10:51:55.000000,1,设置状态,"",121,/layoutdesc/status,"",_self,sys:layoutdesc:status,1,1,0,25,""
1326,1,2023-02-12 10:51:55.000000,1,2023-02-12 10:51:55.000000,1,布局描述详情,"",121,/layoutdesc/detail,"",_self,sys:layoutdesc:detail,1,1,0,20,""
1327,1,2023-02-12 10:51:55.000000,1,2023-02-12 10:51:55.000000,1,批量删除,"",121,/layoutdesc/dall,"",_self,sys:layoutdesc:dall,1,1,0,30,""
1328,1,2023-02-12 10:51:55.000000,1,2023-02-12 10:51:55.000000,1,查询布局,"",127,/layout/list,"",_self,sys:layout:list,1,1,0,1,""
1329,1,2023-02-12 10:51:55.000000,1,2023-02-12 10:51:55.000000,1,添加布局,"",127,/layout/add,"",_self,sys:layout:add,1,1,0,5,""
1330,1,2023-02-12 10:51:55.000000,1,2023-02-12 10:51:55.000000,1,修改布局,"",127,/layout/update,"",_self,sys:layout:update,1,1,0,10,""
1331,1,2023-02-12 10:51:55.000000,1,2023-02-12 10:51:55.000000,1,删除布局,"",127,/layout/delete,"",_self,sys:layout:delete,1,1,0,15,""
1332,1,2023-02-12 10:51:55.000000,1,2023-02-12 10:51:55.000000,1,设置状态,"",127,/layout/status,"",_self,sys:layout:status,1,1,0,25,""
1333,1,2023-02-12 10:51:55.000000,1,2023-02-12 10:51:55.000000,1,布局详情,"",127,/layout/detail,"",_self,sys:layout:detail,1,1,0,20,""
1334,1,2023-02-12 10:51:55.000000,1,2023-02-12 10:51:55.000000,1,批量删除,"",127,/layout/dall,"",_self,sys:layout:dall,1,1,0,30,""
1364,1,2023-02-12 10:51:55.000000,1,2023-02-12 10:51:55.000000,1,查询网站设置,"",178,/web/list,"",_self,sys:web:list,1,1,0,1,""
1365,1,2023-02-12 10:51:55.000000,1,2023-02-12 10:51:55.000000,1,修改网站设置,"",178,/web/update,"",_self,sys:web:update,1,1,0,10,""
1366,1,2023-02-12 10:51:55.000000,1,2023-02-12 10:51:55.000000,1,查询代码生成,"",155,/generate/list,"",_self,sys:generate:list,1,1,0,1,""
1367,1,2023-02-12 10:51:55.000000,1,2023-02-12 10:51:55.000000,1,添加代码生成,"",155,/generate/generate,"",_self,sys:generate:generate,1,1,0,5,""
1368,1,2023-02-12 10:51:55.000000,1,2023-02-12 10:51:55.000000,1,修改代码生成,"",155,/generate/batchGenerate,"",_self,sys:generate:batchGenerate,1,1,0,10,""
1369,1,2023-02-12 10:51:55.000000,1,2023-02-12 10:51:55.000000,1,删除代码生成,"",155,/generate/delete,"",_self,sys:generate:delete,1,1,0,15,""
1370,1,2023-02-12 10:51:55.000000,1,2023-02-12 10:51:55.000000,1,代码生成详情,"",155,/generate/detail,"",_self,sys:generate:detail,1,1,0,20,""
1371,1,2023-02-12 10:51:55.000000,1,2023-02-12 10:51:55.000000,1,设置状态,"",155,/generate/status,"",_self,sys:generate:status,1,1,0,25,""
1372,1,2023-02-12 10:51:55.000000,1,2023-02-12 10:51:55.000000,1,批量删除,"",155,/generate/dall,"",_self,sys:generate:dall,1,1,0,30,""
1373,1,2023-02-12 10:51:55.000000,1,2023-02-12 10:51:55.000000,1,查询演示一,"",165,/example/list,"",_self,sys:example:list,1,1,0,1,""
1374,1,2023-02-12 10:51:55.000000,1,2023-02-12 10:51:55.000000,1,添加演示一,"",165,/example/add,"",_self,sys:example:add,1,1,0,5,""
1375,1,2023-02-12 10:51:55.000000,1,2023-02-12 10:51:55.000000,1,修改演示一,"",165,/example/update,"",_self,sys:example:update,1,1,0,10,""
1376,1,2023-02-12 10:51:55.000000,1,2023-02-12 10:51:55.000000,1,删除演示一,"",165,/example/delete,"",_self,sys:example:delete,1,1,0,15,""
1377,1,2023-02-12 10:51:55.000000,1,2023-02-12 10:51:55.000000,1,演示一详情,"",165,/example/detail,"",_self,sys:example:detail,1,1,0,20,""
1378,1,2023-02-12 10:51:55.000000,1,2023-02-12 10:51:55.000000,1,设置状态,"",165,/example/status,"",_self,sys:example:status,1,1,0,25,""
1379,1,2023-02-12 10:51:55.000000,1,2023-02-12 10:51:55.000000,1,批量删除,"",165,/example/dall,"",_self,sys:example:dall,1,1,0,30,""
1380,1,2023-02-12 10:51:55.000000,1,2023-02-12 10:51:55.000000,1,查询演示二,"",942,/example2/list,"",_self,sys:example2:list,1,1,0,1,""
1381,1,2023-02-12 10:51:55.000000,1,2023-02-12 10:51:55.000000,1,添加演示二,"",942,/example2/add,"",_self,sys:example2:add,1,1,0,5,""
1382,1,2023-02-12 10:51:55.000000,1,2023-02-12 10:51:55.000000,1,修改演示二,"",942,/example2/update,"",_self,sys:example2:update,1,1,0,10,""
1383,1,2023-02-12 10:51:55.000000,1,2023-02-12 10:51:55.000000,1,删除演示二,"",942,/example2/delete,"",_self,sys:example2:delete,1,1,0,15,""
1384,1,2023-02-12 10:51:55.000000,1,2023-02-12 10:51:55.000000,1,演示二详情,"",942,/example2/detail,"",_self,sys:example2:detail,1,1,0,20,""
1385,1,2023-02-12 10:51:55.000000,1,2023-02-12 10:51:55.000000,1,设置状态,"",942,/example2/status,"",_self,sys:example2:status,1,1,0,25,""
1386,1,2023-02-12 10:51:55.000000,1,2023-02-12 10:51:55.000000,1,批量删除,"",942,/example2/dall,"",_self,sys:example2:dall,1,1,0,30,""
1387,1,2023-02-12 10:51:55.000000,1,2023-02-12 10:51:55.000000,1,查询操作日志,"",56,/operlog/list,"",_self,sys:operlog:list,1,1,0,1,""
1388,1,2023-02-12 10:51:55.000000,1,2023-02-12 10:51:55.000000,1,删除操作日志,"",56,/operlog/delete,"",_self,sys:operlog:delete,1,1,0,15,""
1389,1,2023-02-12 10:51:55.000000,1,2023-02-12 10:51:55.000000,1,操作日志详情,"",56,/operlog/detail,"",_self,sys:operlog:detail,1,1,0,20,""
1390,1,2023-02-12 10:51:55.000000,1,2023-02-12 10:51:55.000000,1,批量删除,"",56,/operlog/dall,"",_self,sys:operlog:dall,1,1,0,30,""
1391,1,2023-02-12 10:51:55.000000,1,2023-02-12 10:51:55.000000,1,导出操作日志,"",56,/operlog/export,"",_self,sys:operlog:export,1,1,0,50,""
1402,1,2023-02-12 10:51:55.000000,1,2023-02-12 10:51:55.000000,0,大屏监控,el-icon-money,1,/dashboard/monitor,/dashboard/monitor,_self,"",0,1,0,10,""
1403,1,2023-02-12 10:51:55.000000,1,2023-02-12 10:51:55.000000,0,查询部门,"",43,/dept/list,"",_self,sys:dept:list,1,1,0,1,""
1404,1,2023-02-12 10:51:55.000000,1,2023-02-12 10:51:55.000000,0,添加部门,"",43,/dept/add,"",_self,sys:dept:add,1,1,0,5,""
1405,1,2023-02-12 10:51:55.000000,1,2023-02-12 10:51:55.000000,0,修改部门,"",43,/dept/update,"",_self,sys:dept:update,1,1,0,10,""
1406,1,2023-02-12 10:51:55.000000,1,2023-02-12 10:51:55.000000,0,删除部门,"",43,/dept/delete,"",_self,sys:dept:delete,1,1,0,15,""
1407,1,2023-02-12 10:51:55.000000,1,2023-02-12 10:51:55.000000,0,批量删除,"",43,/dept/dall,"",_self,sys:dept:dall,1,1,0,30,""
1408,1,2023-02-12 10:51:55.000000,1,2023-02-12 10:51:55.000000,0,添加子级,"",43,/dept/addz,"",_self,sys:dept:addz,1,1,0,35,""
1409,1,2023-02-12 10:51:55.000000,1,2023-02-12 10:51:55.000000,0,全部展开,"",43,/dept/expand,"",_self,sys:dept:expand,1,1,0,40,""
1410,1,2023-02-12 10:51:55.000000,1,2023-02-12 10:51:55.000000,0,部门详情,"",43,/dept/detail,"",_self,sys:dept:detail,1,1,0,20,""
1411,1,2023-02-12 10:51:55.000000,1,2023-02-12 10:51:55.000000,0,全部折叠,"",43,/dept/collapse,"",_self,sys:dept:collapse,1,1,0,45,""
1413,1,2023-11-07 17:22:28.923412,1,2023-11-07 17:22:28.923507,1,生产排单记录,el-icon-document,61,/data/output,/data/output,"('_self',)","",0,1,0,1,""
1490,1,2023-11-08 11:36:08.285312,0,2023-11-08 11:36:08.285345,1,导出生产排单记录,"",1413,/output/export,,_self,sys:output:export,1,1,1,50,
1491,1,2023-11-08 11:36:08.288453,0,2023-11-08 11:36:08.288494,1,导入生产排单记录,"",1413,/output/import,,_self,sys:output:import,1,1,1,55,
1500,1,2023-11-14 11:14:32.490897,1,2023-11-14 11:14:32.490926,1,焊接报表,el-icon-_table,61,/data/welding,/data/welding,"('_self',)","",0,1,0,0,""
1519,1,2023-11-15 09:30:01.165594,1,2023-11-15 09:30:01.165670,1,调试报表,el-icon-_table,61,/data/debug,/data/debug,"('_self',)","",0,1,0,0,""
1532,1,2023-11-17 09:58:35.245268,1,2023-11-17 09:58:35.250445,0,综合看板,el-icon-data-line,1,/dashboard/comprehensive,/dashboard/comprehensive,"('_self',)","",0,1,0,15,""
1547,1,2023-11-17 10:18:46.989686,1,2023-11-17 10:18:46.989925,0,出货统计,el-icon-notebook-2,0,/shipment,"","('_self',)","",0,1,0,1,""
1548,1,2023-11-17 11:17:22.686268,1,2023-11-17 11:17:22.686301,0,出货报表,el-icon-_table,1547,/shipment/shipmentreport,/shipment/shipmentreport,"('_self',)","",0,1,0,1,""
1572,1,2023-11-17 11:23:43.824111,1,2023-11-17 11:23:43.824154,0,出厂报告,el-icon-tickets,1547,/shipment/productionreport,/shipment/productionreport,"('_self',)","",0,1,0,5,""
1573,1,2023-11-17 11:35:47.273253,0,2023-11-17 11:35:47.273377,0,插件焊接,el-icon-copy-document,0,/welding,"",_self,"",0,1,0,10,""
1583,1,2023-11-17 11:36:49.670124,0,2023-11-17 11:36:49.670155,0,查询出厂报告,"",1572,/productionreport/list,,_self,sys:productionreport:list,1,1,1,1,
1584,1,2023-11-17 11:36:49.673567,0,2023-11-17 11:36:49.673594,0,添加出厂报告,"",1572,/productionreport/add,,_self,sys:productionreport:add,1,1,1,5,
1585,1,2023-11-17 11:36:49.680106,0,2023-11-17 11:36:49.680135,0,修改出厂报告,"",1572,/productionreport/update,,_self,sys:productionreport:update,1,1,1,10,
1586,1,2023-11-17 11:36:49.683483,0,2023-11-17 11:36:49.683508,0,删除出厂报告,"",1572,/productionreport/delete,,_self,sys:productionreport:delete,1,1,1,15,
1587,1,2023-11-17 11:36:49.687151,0,2023-11-17 11:36:49.687178,0,出厂报告详情,"",1572,/productionreport/detail,,_self,sys:productionreport:detail,1,1,1,20,
1588,1,2023-11-17 11:36:49.692263,0,2023-11-17 11:36:49.692315,0,设置状态,"",1572,/productionreport/status,,_self,sys:productionreport:status,1,1,1,25,
1589,1,2023-11-17 11:36:49.697122,0,2023-11-17 11:36:49.697171,0,批量删除,"",1572,/productionreport/dall,,_self,sys:productionreport:dall,1,1,1,30,
1590,1,2023-11-17 11:36:49.702705,0,2023-11-17 11:36:49.702737,0,导出出厂报告,"",1572,/productionreport/export,,_self,sys:productionreport:export,1,1,1,50,
1591,1,2023-11-17 11:36:49.712487,0,2023-11-17 11:36:49.712539,0,导入出厂报告,"",1572,/productionreport/import,,_self,sys:productionreport:import,1,1,1,55,
1592,1,2023-11-17 11:39:58.851473,0,2023-11-17 11:39:58.851640,0,查询出货报表,"",1548,/shipmentreport/list,,_self,sys:shipmentreport:list,1,1,1,1,
1593,1,2023-11-17 11:39:58.859278,0,2023-11-17 11:39:58.859389,0,添加出货报表,"",1548,/shipmentreport/add,,_self,sys:shipmentreport:add,1,1,1,5,
1594,1,2023-11-17 11:39:58.865336,0,2023-11-17 11:39:58.865367,0,修改出货报表,"",1548,/shipmentreport/update,,_self,sys:shipmentreport:update,1,1,1,10,
1595,1,2023-11-17 11:39:58.867977,0,2023-11-17 11:39:58.868003,0,删除出货报表,"",1548,/shipmentreport/delete,,_self,sys:shipmentreport:delete,1,1,1,15,
1596,1,2023-11-17 11:39:58.871401,0,2023-11-17 11:39:58.871430,0,出货报表详情,"",1548,/shipmentreport/detail,,_self,sys:shipmentreport:detail,1,1,1,20,
1597,1,2023-11-17 11:39:58.882869,0,2023-11-17 11:39:58.882905,0,设置状态,"",1548,/shipmentreport/status,,_self,sys:shipmentreport:status,1,1,1,25,
1598,1,2023-11-17 11:39:58.888256,0,2023-11-17 11:39:58.888300,0,批量删除,"",1548,/shipmentreport/dall,,_self,sys:shipmentreport:dall,1,1,1,30,
1599,1,2023-11-17 11:39:58.898821,0,2023-11-17 11:39:58.898852,0,导出出货报表,"",1548,/shipmentreport/export,,_self,sys:shipmentreport:export,1,1,1,50,
1600,1,2023-11-17 11:39:58.902838,0,2023-11-17 11:39:58.903018,0,导入出货报表,"",1548,/shipmentreport/import,,_self,sys:shipmentreport:import,1,1,1,55,
1601,1,2023-11-17 11:43:42.882343,1,2023-11-17 11:43:42.882432,0,焊接报表,el-icon-_table,1573,/welding/weldingreport,/welding/weldingreport,"('_self',)","",0,1,0,1,""
1608,1,2023-11-17 11:46:04.182124,0,2023-11-17 11:46:04.182159,0,烧录管理,el-icon-_fire,0,/burning,"",_self,"",0,1,0,15,""
1609,1,2023-11-17 13:13:55.386553,1,2023-11-17 13:13:55.386590,0,烧录报表,el-icon-_table,1608,/burning/burningreport,/burning/burningreport,"('_self',)","",0,1,0,1,""
1616,1,2023-11-17 13:16:31.538686,0,2023-11-17 13:16:31.538715,0,软件发布,el-icon-wind-power,1608,/burning/softwarerelease,/burning/softwarerelease,_self,"",0,1,0,5,""
1617,1,2023-11-17 13:16:31.546356,0,2023-11-17 13:16:31.546396,0,查询软件发布,"",1616,/softwarerelease/list,,_self,sys:softwarerelease:list,1,1,1,1,
1618,1,2023-11-17 13:16:31.552152,0,2023-11-17 13:16:31.552176,0,添加软件发布,"",1616,/softwarerelease/add,,_self,sys:softwarerelease:add,1,1,1,5,
1619,1,2023-11-17 13:16:31.557124,0,2023-11-17 13:16:31.557157,0,修改软件发布,"",1616,/softwarerelease/update,,_self,sys:softwarerelease:update,1,1,1,10,
1620,1,2023-11-17 13:16:31.563532,0,2023-11-17 13:16:31.563592,0,删除软件发布,"",1616,/softwarerelease/delete,,_self,sys:softwarerelease:delete,1,1,1,15,
1621,1,2023-11-17 13:16:31.567833,0,2023-11-17 13:16:31.567875,0,软件发布详情,"",1616,/softwarerelease/detail,,_self,sys:softwarerelease:detail,1,1,1,20,
1622,1,2023-11-17 13:16:31.577298,0,2023-11-17 13:16:31.577351,0,设置状态,"",1616,/softwarerelease/status,,_self,sys:softwarerelease:status,1,1,1,25,
1623,1,2023-11-17 13:16:31.582051,0,2023-11-17 13:16:31.582089,0,批量删除,"",1616,/softwarerelease/dall,,_self,sys:softwarerelease:dall,1,1,1,30,
1624,1,2023-11-17 13:16:31.592243,0,2023-11-17 13:16:31.592299,0,全部展开,"",1616,/softwarerelease/expand,,_self,sys:softwarerelease:expand,1,1,1,40,
1625,1,2023-11-17 13:16:31.598001,0,2023-11-17 13:16:31.598060,0,全部折叠,"",1616,/softwarerelease/collapse,,_self,sys:softwarerelease:collapse,1,1,1,45,
1626,1,2023-11-17 13:16:31.606772,0,2023-11-17 13:16:31.606800,0,导出软件发布,"",1616,/softwarerelease/export,,_self,sys:softwarerelease:export,1,1,1,50,
1627,1,2023-11-17 13:16:31.610399,0,2023-11-17 13:16:31.610424,0,导入软件发布,"",1616,/softwarerelease/import,,_self,sys:softwarerelease:import,1,1,1,55,
1628,1,2023-11-17 13:18:47.738310,0,2023-11-17 13:18:47.738347,0,设备调试,el-icon-help,0,/debug,"",_self,"",0,1,0,20,""
1629,1,2023-11-17 13:21:14.360242,1,2023-11-17 13:21:14.360276,0,调试看板,el-icon-data-analysis,1628,/debug/debugdashboard,/debug/debugdashboard,"('_self',)","",0,1,0,1,""
1641,1,2023-11-17 13:24:50.691795,0,2023-11-17 13:24:50.691840,0,查询调试看板,"",1629,/debugdashboard/list,,_self,sys:debugdashboard:list,1,1,1,1,
1642,1,2023-11-17 13:24:50.711765,0,2023-11-17 13:24:50.711828,0,添加调试看板,"",1629,/debugdashboard/add,,_self,sys:debugdashboard:add,1,1,1,5,
1643,1,2023-11-17 13:24:50.720200,0,2023-11-17 13:24:50.720368,0,修改调试看板,"",1629,/debugdashboard/update,,_self,sys:debugdashboard:update,1,1,1,10,
1644,1,2023-11-17 13:24:50.724995,0,2023-11-17 13:24:50.725021,0,删除调试看板,"",1629,/debugdashboard/delete,,_self,sys:debugdashboard:delete,1,1,1,15,
1645,1,2023-11-17 13:24:50.733699,0,2023-11-17 13:24:50.733744,0,调试看板详情,"",1629,/debugdashboard/detail,,_self,sys:debugdashboard:detail,1,1,1,20,
1646,1,2023-11-17 13:24:50.737815,0,2023-11-17 13:24:50.737864,0,设置状态,"",1629,/debugdashboard/status,,_self,sys:debugdashboard:status,1,1,1,25,
1647,1,2023-11-17 13:24:50.745481,0,2023-11-17 13:24:50.745568,0,批量删除,"",1629,/debugdashboard/dall,,_self,sys:debugdashboard:dall,1,1,1,30,
1648,1,2023-11-17 13:24:50.753321,0,2023-11-17 13:24:50.753348,0,全部展开,"",1629,/debugdashboard/expand,,_self,sys:debugdashboard:expand,1,1,1,40,
1649,1,2023-11-17 13:24:50.757578,0,2023-11-17 13:24:50.757602,0,全部折叠,"",1629,/debugdashboard/collapse,,_self,sys:debugdashboard:collapse,1,1,1,45,
1650,1,2023-11-17 13:24:50.759979,0,2023-11-17 13:24:50.760001,0,导出调试看板,"",1629,/debugdashboard/export,,_self,sys:debugdashboard:export,1,1,1,50,
1651,1,2023-11-17 13:24:50.762831,0,2023-11-17 13:24:50.762854,0,导入调试看板,"",1629,/debugdashboard/import,,_self,sys:debugdashboard:import,1,1,1,55,
1652,1,2023-11-17 13:26:12.899149,0,2023-11-17 13:26:12.899178,0,查询烧录报表,"",1609,/burningreport/list,,_self,sys:burningreport:list,1,1,1,1,
1653,1,2023-11-17 13:26:12.902437,0,2023-11-17 13:26:12.902462,0,添加烧录报表,"",1609,/burningreport/add,,_self,sys:burningreport:add,1,1,1,5,
1654,1,2023-11-17 13:26:12.906521,0,2023-11-17 13:26:12.906579,0,修改烧录报表,"",1609,/burningreport/update,,_self,sys:burningreport:update,1,1,1,10,
1655,1,2023-11-17 13:26:12.913229,0,2023-11-17 13:26:12.913304,0,删除烧录报表,"",1609,/burningreport/delete,,_self,sys:burningreport:delete,1,1,1,15,
1656,1,2023-11-17 13:26:12.919370,0,2023-11-17 13:26:12.919418,0,烧录报表详情,"",1609,/burningreport/detail,,_self,sys:burningreport:detail,1,1,1,20,
1657,1,2023-11-17 13:26:12.925734,0,2023-11-17 13:26:12.925816,0,批量删除,"",1609,/burningreport/dall,,_self,sys:burningreport:dall,1,1,1,30,
1658,1,2023-11-17 13:27:34.955780,1,2023-11-17 13:27:34.955811,0,调试报表,el-icon-_table,1628,/debug/debugreport,/debug/debugreport,"('_self',)","",0,1,0,5,""
1659,1,2023-11-17 13:28:12.684984,0,2023-11-17 13:28:12.685034,0,查询调试报表,"",1658,/debugreport/list,,_self,sys:debugreport:list,1,1,1,1,
1660,1,2023-11-17 13:28:12.696218,0,2023-11-17 13:28:12.696275,0,添加调试报表,"",1658,/debugreport/add,,_self,sys:debugreport:add,1,1,1,5,
1661,1,2023-11-17 13:28:12.705672,0,2023-11-17 13:28:12.705789,0,修改调试报表,"",1658,/debugreport/update,,_self,sys:debugreport:update,1,1,1,10,
1662,1,2023-11-17 13:28:12.710785,0,2023-11-17 13:28:12.710813,0,删除调试报表,"",1658,/debugreport/delete,,_self,sys:debugreport:delete,1,1,1,15,
1663,1,2023-11-17 13:28:12.713748,0,2023-11-17 13:28:12.713779,0,调试报表详情,"",1658,/debugreport/detail,,_self,sys:debugreport:detail,1,1,1,20,
1664,1,2023-11-17 13:28:12.719946,0,2023-11-17 13:28:12.719997,0,批量删除,"",1658,/debugreport/dall,,_self,sys:debugreport:dall,1,1,1,30,
1665,1,2023-11-17 13:29:52.257010,0,2023-11-17 13:29:52.257053,0,调试数据,el-icon-_database,1628,/debug/debugdata,/debug/debugdata,_self,"",0,1,0,10,""
1666,1,2023-11-17 13:29:52.272536,0,2023-11-17 13:29:52.272592,0,查询调试数据,"",1665,/debugdata/list,,_self,sys:debugdata:list,1,1,1,1,
1667,1,2023-11-17 13:29:52.286789,0,2023-11-17 13:29:52.286843,0,添加调试数据,"",1665,/debugdata/add,,_self,sys:debugdata:add,1,1,1,5,
1668,1,2023-11-17 13:29:52.295166,0,2023-11-17 13:29:52.295336,0,修改调试数据,"",1665,/debugdata/update,,_self,sys:debugdata:update,1,1,1,10,
1669,1,2023-11-17 13:29:52.309286,0,2023-11-17 13:29:52.309327,0,删除调试数据,"",1665,/debugdata/delete,,_self,sys:debugdata:delete,1,1,1,15,
1670,1,2023-11-17 13:29:52.313188,0,2023-11-17 13:29:52.313238,0,调试数据详情,"",1665,/debugdata/detail,,_self,sys:debugdata:detail,1,1,1,20,
1671,1,2023-11-17 13:29:52.318604,0,2023-11-17 13:29:52.318688,0,设置状态,"",1665,/debugdata/status,,_self,sys:debugdata:status,1,1,1,25,
1672,1,2023-11-17 13:29:52.327401,0,2023-11-17 13:29:52.327486,0,批量删除,"",1665,/debugdata/dall,,_self,sys:debugdata:dall,1,1,1,30,
1673,1,2023-11-17 13:29:52.338828,0,2023-11-17 13:29:52.338966,0,导出调试数据,"",1665,/debugdata/export,,_self,sys:debugdata:export,1,1,1,50,
1674,1,2023-11-17 13:29:52.343066,0,2023-11-17 13:29:52.343137,0,导入调试数据,"",1665,/debugdata/import,,_self,sys:debugdata:import,1,1,1,55,
1675,1,2023-11-17 13:36:16.891213,0,2023-11-17 13:36:16.891252,0,产品质检,el-icon-receiving,0,/inspect,"",_self,"",0,1,0,25,""
1676,1,2023-11-17 13:39:53.483922,1,2023-11-17 13:39:53.483960,0,质检看板,el-icon-data-analysis,1675,/inspect/inspectdashboard,/inspect/inspectdashboard,"('_self',)","",0,1,0,1,""
1691,1,2023-11-17 13:47:36.072879,0,2023-11-17 13:47:36.074774,0,质检报表,el-icon-_table,1675,/inspect/inspectreport,/inspect/inspectreport,_self,"",0,1,0,5,""
1692,1,2023-11-17 13:47:36.083490,0,2023-11-17 13:47:36.083556,0,查询质检报表,"",1691,/inspectreport/list,,_self,sys:inspectreport:list,1,1,1,1,
1693,1,2023-11-17 13:47:36.091930,0,2023-11-17 13:47:36.091957,0,添加质检报表,"",1691,/inspectreport/add,,_self,sys:inspectreport:add,1,1,1,5,
1694,1,2023-11-17 13:47:36.096550,0,2023-11-17 13:47:36.096629,0,修改质检报表,"",1691,/inspectreport/update,,_self,sys:inspectreport:update,1,1,1,10,
1695,1,2023-11-17 13:47:36.102679,0,2023-11-17 13:47:36.102714,0,删除质检报表,"",1691,/inspectreport/delete,,_self,sys:inspectreport:delete,1,1,1,15,
1696,1,2023-11-17 13:47:36.113823,0,2023-11-17 13:47:36.113878,0,质检报表详情,"",1691,/inspectreport/detail,,_self,sys:inspectreport:detail,1,1,1,20,
1697,1,2023-11-17 13:47:36.120161,0,2023-11-17 13:47:36.120208,0,批量删除,"",1691,/inspectreport/dall,,_self,sys:inspectreport:dall,1,1,1,30,
1698,1,2023-11-17 14:08:12.986396,0,2023-11-17 14:08:12.986440,0,测试数据,el-icon-_database,1675,/inspect/testdata,/inspect/testdata,_self,"",0,1,0,10,""
1699,1,2023-11-17 14:08:13.076245,0,2023-11-17 14:08:13.076302,0,查询测试数据,"",1698,/testdata/list,,_self,sys:testdata:list,1,1,1,1,
1700,1,2023-11-17 14:08:13.082087,0,2023-11-17 14:08:13.082130,0,添加测试数据,"",1698,/testdata/add,,_self,sys:testdata:add,1,1,1,5,
1701,1,2023-11-17 14:08:13.088571,0,2023-11-17 14:08:13.088602,0,修改测试数据,"",1698,/testdata/update,,_self,sys:testdata:update,1,1,1,10,
1702,1,2023-11-17 14:08:13.091571,0,2023-11-17 14:08:13.091603,0,删除测试数据,"",1698,/testdata/delete,,_self,sys:testdata:delete,1,1,1,15,
1703,1,2023-11-17 14:08:13.101191,0,2023-11-17 14:08:13.101470,0,测试数据详情,"",1698,/testdata/detail,,_self,sys:testdata:detail,1,1,1,20,
1704,1,2023-11-17 14:08:13.105727,0,2023-11-17 14:08:13.105758,0,批量删除,"",1698,/testdata/dall,,_self,sys:testdata:dall,1,1,1,30,
1705,1,2023-11-17 14:11:07.235691,0,2023-11-17 14:11:07.235728,0,模块维修,el-icon-_hammer,0,/repair,"",_self,"",0,1,0,30,""
1706,1,2023-11-17 14:14:29.607379,0,2023-11-17 14:14:29.607449,0,维修看板,el-icon-data-analysis,1705,/repair/repairdashboard,/repair/repairdashboard,_self,"",0,1,0,1,""
1707,1,2023-11-17 14:14:29.665074,0,2023-11-17 14:14:29.665127,0,查询维修看板,"",1706,/repairdashboard/list,,_self,sys:repairdashboard:list,1,1,1,1,
1708,1,2023-11-17 14:14:29.669820,0,2023-11-17 14:14:29.669849,0,添加维修看板,"",1706,/repairdashboard/add,,_self,sys:repairdashboard:add,1,1,1,5,
1709,1,2023-11-17 14:14:29.673983,0,2023-11-17 14:14:29.674013,0,修改维修看板,"",1706,/repairdashboard/update,,_self,sys:repairdashboard:update,1,1,1,10,
1710,1,2023-11-17 14:14:29.681867,0,2023-11-17 14:14:29.681911,0,删除维修看板,"",1706,/repairdashboard/delete,,_self,sys:repairdashboard:delete,1,1,1,15,
1711,1,2023-11-17 14:14:29.686321,0,2023-11-17 14:14:29.686349,0,维修看板详情,"",1706,/repairdashboard/detail,,_self,sys:repairdashboard:detail,1,1,1,20,
1712,1,2023-11-17 14:14:29.689614,0,2023-11-17 14:14:29.689907,0,设置状态,"",1706,/repairdashboard/status,,_self,sys:repairdashboard:status,1,1,1,25,
1713,1,2023-11-17 14:14:29.698784,0,2023-11-17 14:14:29.698826,0,批量删除,"",1706,/repairdashboard/dall,,_self,sys:repairdashboard:dall,1,1,1,30,
1714,1,2023-11-17 14:14:29.702279,0,2023-11-17 14:14:29.702304,0,全部展开,"",1706,/repairdashboard/expand,,_self,sys:repairdashboard:expand,1,1,1,40,
1715,1,2023-11-17 14:14:29.704686,0,2023-11-17 14:14:29.704712,0,全部折叠,"",1706,/repairdashboard/collapse,,_self,sys:repairdashboard:collapse,1,1,1,45,
1716,1,2023-11-17 14:14:29.712348,0,2023-11-17 14:14:29.712419,0,导出维修看板,"",1706,/repairdashboard/export,,_self,sys:repairdashboard:export,1,1,1,50,
1717,1,2023-11-17 14:14:29.717146,0,2023-11-17 14:14:29.717174,0,导入维修看板,"",1706,/repairdashboard/import,,_self,sys:repairdashboard:import,1,1,1,55,
1718,1,2023-11-17 14:15:56.435098,0,2023-11-17 14:15:56.435131,0,维修报表,el-icon-_table,1705,/repair/repairreport,/repair/repairreport,_self,"",0,1,0,5,""
1719,1,2023-11-17 14:15:56.497140,0,2023-11-17 14:15:56.497209,0,查询维修报表,"",1718,/repairreport/list,,_self,sys:repairreport:list,1,1,1,1,
1720,1,2023-11-17 14:15:56.505437,0,2023-11-17 14:15:56.505466,0,添加维修报表,"",1718,/repairreport/add,,_self,sys:repairreport:add,1,1,1,5,
1721,1,2023-11-17 14:15:56.509550,0,2023-11-17 14:15:56.509579,0,修改维修报表,"",1718,/repairreport/update,,_self,sys:repairreport:update,1,1,1,10,
1722,1,2023-11-17 14:15:56.518190,0,2023-11-17 14:15:56.518285,0,删除维修报表,"",1718,/repairreport/delete,,_self,sys:repairreport:delete,1,1,1,15,
1723,1,2023-11-17 14:15:56.523501,0,2023-11-17 14:15:56.523547,0,维修报表详情,"",1718,/repairreport/detail,,_self,sys:repairreport:detail,1,1,1,20,
1724,1,2023-11-17 14:15:56.527274,0,2023-11-17 14:15:56.527300,0,批量删除,"",1718,/repairreport/dall,,_self,sys:repairreport:dall,1,1,1,30,
1725,1,2023-11-17 14:18:39.136886,1,2023-11-17 14:18:39.136976,0,其它功能,el-icon-more-outline,0,/other,"","('_self',)","",0,1,0,35,""
1726,1,2023-11-17 14:22:00.201243,0,2023-11-17 14:22:00.201282,0,MAC管理,el-icon-news,1725,/other/mac,/other/mac,_self,"",0,1,0,1,""
1727,1,2023-11-17 14:22:00.266525,0,2023-11-17 14:22:00.266658,0,查询MAC,"",1726,/mac/list,,_self,sys:mac:list,1,1,1,1,
1728,1,2023-11-17 14:22:00.277396,0,2023-11-17 14:22:00.277542,0,添加MAC,"",1726,/mac/add,,_self,sys:mac:add,1,1,1,5,
1729,1,2023-11-17 14:22:00.285504,0,2023-11-17 14:22:00.285548,0,修改MAC,"",1726,/mac/update,,_self,sys:mac:update,1,1,1,10,
1730,1,2023-11-17 14:22:00.291649,0,2023-11-17 14:22:00.291873,0,删除MAC,"",1726,/mac/delete,,_self,sys:mac:delete,1,1,1,15,
1731,1,2023-11-17 14:22:00.298036,0,2023-11-17 14:22:00.298190,0,MAC详情,"",1726,/mac/detail,,_self,sys:mac:detail,1,1,1,20,
1732,1,2023-11-17 14:22:00.307351,0,2023-11-17 14:22:00.307477,0,设置状态,"",1726,/mac/status,,_self,sys:mac:status,1,1,1,25,
1733,1,2023-11-17 14:22:00.312311,0,2023-11-17 14:22:00.312343,0,批量删除,"",1726,/mac/dall,,_self,sys:mac:dall,1,1,1,30,
1734,1,2023-11-17 14:22:00.317825,0,2023-11-17 14:22:00.317871,0,全部展开,"",1726,/mac/expand,,_self,sys:mac:expand,1,1,1,40,
1735,1,2023-11-17 14:22:00.322550,0,2023-11-17 14:22:00.322611,0,全部折叠,"",1726,/mac/collapse,,_self,sys:mac:collapse,1,1,1,45,
1736,1,2023-11-17 14:22:00.326540,0,2023-11-17 14:22:00.326575,0,导出MAC,"",1726,/mac/export,,_self,sys:mac:export,1,1,1,50,
1737,1,2023-11-17 14:22:00.334016,0,2023-11-17 14:22:00.334057,0,导入MAC,"",1726,/mac/import,,_self,sys:mac:import,1,1,1,55,
1738,1,2023-11-17 14:23:56.117710,0,2023-11-17 14:23:56.117749,0,打印功能,el-icon-printer,1725,/other/print,/other/print,_self,"",0,1,0,5,""
1739,1,2023-11-17 14:23:56.184972,0,2023-11-17 14:23:56.185006,0,查询打印功能,"",1738,/print/list,,_self,sys:print:list,1,1,1,1,
1740,1,2023-11-17 14:23:56.200879,0,2023-11-17 14:23:56.201002,0,添加打印功能,"",1738,/print/add,,_self,sys:print:add,1,1,1,5,
1741,1,2023-11-17 14:23:56.213233,0,2023-11-17 14:23:56.213398,0,修改打印功能,"",1738,/print/update,,_self,sys:print:update,1,1,1,10,
1742,1,2023-11-17 14:23:56.225328,0,2023-11-17 14:23:56.225364,0,删除打印功能,"",1738,/print/delete,,_self,sys:print:delete,1,1,1,15,
1743,1,2023-11-17 14:23:56.229594,0,2023-11-17 14:23:56.229813,0,打印功能详情,"",1738,/print/detail,,_self,sys:print:detail,1,1,1,20,
1744,1,2023-11-17 14:23:56.244718,0,2023-11-17 14:23:56.244783,0,设置状态,"",1738,/print/status,,_self,sys:print:status,1,1,1,25,
1745,1,2023-11-17 14:23:56.258520,0,2023-11-17 14:23:56.258555,0,批量删除,"",1738,/print/dall,,_self,sys:print:dall,1,1,1,30,
1746,1,2023-11-17 14:23:56.265144,0,2023-11-17 14:23:56.265181,0,全部展开,"",1738,/print/expand,,_self,sys:print:expand,1,1,1,40,
1747,1,2023-11-17 14:23:56.288621,0,2023-11-17 14:23:56.288657,0,全部折叠,"",1738,/print/collapse,,_self,sys:print:collapse,1,1,1,45,
1748,1,2023-11-17 14:23:56.305386,0,2023-11-17 14:23:56.305448,0,导出打印功能,"",1738,/print/export,,_self,sys:print:export,1,1,1,50,
1749,1,2023-11-17 14:23:56.315454,0,2023-11-17 14:23:56.315493,0,导入打印功能,"",1738,/print/import,,_self,sys:print:import,1,1,1,55,
1750,1,2023-11-17 14:27:22.298039,0,2023-11-17 14:27:22.298091,0,个人资料,el-icon-user,4,/system/profile,/system/profile,_self,"",0,1,0,30,""
1751,1,2023-11-17 14:27:22.399246,0,2023-11-17 14:27:22.399304,0,查询个人资料,"",1750,/profile/list,,_self,sys:profile:list,1,1,1,1,
1752,1,2023-11-17 14:27:22.409097,0,2023-11-17 14:27:22.409135,0,添加个人资料,"",1750,/profile/add,,_self,sys:profile:add,1,1,1,5,
1753,1,2023-11-17 14:27:22.414221,0,2023-11-17 14:27:22.414258,0,修改个人资料,"",1750,/profile/update,,_self,sys:profile:update,1,1,1,10,
1754,1,2023-11-17 14:27:22.429996,0,2023-11-17 14:27:22.430046,0,删除个人资料,"",1750,/profile/delete,,_self,sys:profile:delete,1,1,1,15,
1755,1,2023-11-17 14:27:22.435531,0,2023-11-17 14:27:22.435576,0,个人资料详情,"",1750,/profile/detail,,_self,sys:profile:detail,1,1,1,20,
1756,1,2023-11-17 14:27:22.444764,0,2023-11-17 14:27:22.444830,0,设置状态,"",1750,/profile/status,,_self,sys:profile:status,1,1,1,25,
1757,1,2023-11-17 14:27:22.452854,0,2023-11-17 14:27:22.452885,0,批量删除,"",1750,/profile/dall,,_self,sys:profile:dall,1,1,1,30,
1758,1,2023-11-17 14:27:22.461655,0,2023-11-17 14:27:22.461741,0,全部展开,"",1750,/profile/expand,,_self,sys:profile:expand,1,1,1,40,
1759,1,2023-11-17 14:27:22.473588,0,2023-11-17 14:27:22.473780,0,全部折叠,"",1750,/profile/collapse,,_self,sys:profile:collapse,1,1,1,45,
1760,1,2023-11-17 14:27:22.484180,0,2023-11-17 14:27:22.484280,0,重置密码,"",1750,/profile/resetPwd,,_self,sys:profile:resetPwd,1,1,1,65,
1761,1,2023-11-17 14:36:52.499637,1,2023-11-17 14:36:52.499674,0,供应商管理,el-icon-_user-group,0,/supplier,/supplier,"('_self',)","",0,1,0,45,""
1762,1,2023-11-17 14:37:53.697776,1,2023-11-17 14:37:53.697811,0,意见反馈,el-icon-_feedback,0,/feedback,/feedback,"('_self',)","",0,1,0,45,""
1763,1,2023-11-17 16:10:00.400296,0,2023-11-17 16:10:00.405289,0,查询焊接报表,"",1601,/weldingreport/list,,_self,sys:weldingreport:list,1,1,1,1,
1764,1,2023-11-17 16:10:00.419900,0,2023-11-17 16:10:00.419987,0,添加焊接报表,"",1601,/weldingreport/add,,_self,sys:weldingreport:add,1,1,1,5,
1765,1,2023-11-17 16:10:00.424310,0,2023-11-17 16:10:00.424343,0,修改焊接报表,"",1601,/weldingreport/update,,_self,sys:weldingreport:update,1,1,1,10,
1766,1,2023-11-17 16:10:00.426598,0,2023-11-17 16:10:00.426630,0,删除焊接报表,"",1601,/weldingreport/delete,,_self,sys:weldingreport:delete,1,1,1,15,
1767,1,2023-11-17 16:10:00.430751,0,2023-11-17 16:10:00.430780,0,焊接报表详情,"",1601,/weldingreport/detail,,_self,sys:weldingreport:detail,1,1,1,20,
1768,1,2023-11-17 16:10:00.434381,0,2023-11-17 16:10:00.434603,0,批量删除,"",1601,/weldingreport/dall,,_self,sys:weldingreport:dall,1,1,1,30,
1769,1,2023-11-20 08:48:20.446746,0,2023-11-20 08:48:20.448071,0,查询质检看板,"",1676,/inspectdashboard/list,,_self,sys:inspectdashboard:list,1,1,1,1,
1770,1,2023-11-20 08:48:20.463538,0,2023-11-20 08:48:20.463654,0,添加质检看板,"",1676,/inspectdashboard/add,,_self,sys:inspectdashboard:add,1,1,1,5,
1771,1,2023-11-20 08:48:20.467868,0,2023-11-20 08:48:20.467935,0,修改质检看板,"",1676,/inspectdashboard/update,,_self,sys:inspectdashboard:update,1,1,1,10,
1772,1,2023-11-20 08:48:20.473998,0,2023-11-20 08:48:20.474042,0,删除质检看板,"",1676,/inspectdashboard/delete,,_self,sys:inspectdashboard:delete,1,1,1,15,
1773,1,2023-11-20 08:48:20.476898,0,2023-11-20 08:48:20.476938,0,质检看板详情,"",1676,/inspectdashboard/detail,,_self,sys:inspectdashboard:detail,1,1,1,20,
1774,1,2023-11-20 08:48:20.482708,0,2023-11-20 08:48:20.482783,0,设置状态,"",1676,/inspectdashboard/status,,_self,sys:inspectdashboard:status,1,1,1,25,
1775,1,2023-11-20 08:48:20.490626,0,2023-11-20 08:48:20.490652,0,批量删除,"",1676,/inspectdashboard/dall,,_self,sys:inspectdashboard:dall,1,1,1,30,
1776,1,2023-11-20 08:48:20.493860,0,2023-11-20 08:48:20.493972,0,添加子级,"",1676,/inspectdashboard/addz,,_self,sys:inspectdashboard:addz,1,1,1,35,
1777,1,2023-11-20 08:48:20.502257,0,2023-11-20 08:48:20.502339,0,全部展开,"",1676,/inspectdashboard/expand,,_self,sys:inspectdashboard:expand,1,1,1,40,
1778,1,2023-11-20 08:48:20.508633,0,2023-11-20 08:48:20.508666,0,全部折叠,"",1676,/inspectdashboard/collapse,,_self,sys:inspectdashboard:collapse,1,1,1,45,
1779,1,2023-11-20 08:48:20.514456,0,2023-11-20 08:48:20.514487,0,导出质检看板,"",1676,/inspectdashboard/export,,_self,sys:inspectdashboard:export,1,1,1,50,
1780,1,2023-11-20 08:48:20.525235,0,2023-11-20 08:48:20.525313,0,导入质检看板,"",1676,/inspectdashboard/import,,_self,sys:inspectdashboard:import,1,1,1,55,
1781,1,2023-11-20 08:48:20.544237,0,2023-11-20 08:48:20.544280,0,分配权限,"",1676,/inspectdashboard/permission,,_self,sys:inspectdashboard:permission,1,1,1,60,
1782,1,2023-11-20 08:48:20.546752,0,2023-11-20 08:48:20.546850,0,重置密码,"",1676,/inspectdashboard/resetPwd,,_self,sys:inspectdashboard:resetPwd,1,1,1,65,
1783,1,2023-11-20 08:56:34.542557,0,2023-11-20 08:56:34.542689,0,查询职级,"",28,/level/list,,_self,sys:level:list,1,1,1,1,
1784,1,2023-11-20 08:56:34.549305,0,2023-11-20 08:56:34.549984,0,添加职级,"",28,/level/add,,_self,sys:level:add,1,1,1,5,
1785,1,2023-11-20 08:56:34.559845,0,2023-11-20 08:56:34.559901,0,修改职级,"",28,/level/update,,_self,sys:level:update,1,1,1,10,
1786,1,2023-11-20 08:56:34.566394,0,2023-11-20 08:56:34.566460,0,删除职级,"",28,/level/delete,,_self,sys:level:delete,1,1,1,15,
1787,1,2023-11-20 08:56:34.570222,0,2023-11-20 08:56:34.570274,0,职级详情,"",28,/level/detail,,_self,sys:level:detail,1,1,1,20,
1788,1,2023-11-20 08:56:34.576807,0,2023-11-20 08:56:34.577165,0,设置状态,"",28,/level/status,,_self,sys:level:status,1,1,1,25,
1789,1,2023-11-20 08:56:34.581952,0,2023-11-20 08:56:34.581979,0,批量删除,"",28,/level/dall,,_self,sys:level:dall,1,1,1,30,
1790,1,2023-11-20 08:56:34.584912,0,2023-11-20 08:56:34.584938,0,导出职级,"",28,/level/export,,_self,sys:level:export,1,1,1,50,
1791,1,2023-11-20 08:56:34.586802,0,2023-11-20 08:56:34.586865,0,导入职级,"",28,/level/import,,_self,sys:level:import,1,1,1,55,
1792,1,2023-11-20 08:57:24.341019,0,2023-11-20 08:57:24.341048,0,查询岗位,"",36,/position/list,,_self,sys:position:list,1,1,1,1,
1793,1,2023-11-20 08:57:24.346243,0,2023-11-20 08:57:24.346283,0,添加岗位,"",36,/position/add,,_self,sys:position:add,1,1,1,5,
1794,1,2023-11-20 08:57:24.352726,0,2023-11-20 08:57:24.352786,0,修改岗位,"",36,/position/update,,_self,sys:position:update,1,1,1,10,
1795,1,2023-11-20 08:57:24.356223,0,2023-11-20 08:57:24.356249,0,删除岗位,"",36,/position/delete,,_self,sys:position:delete,1,1,1,15,
1796,1,2023-11-20 08:57:24.358710,0,2023-11-20 08:57:24.358755,0,岗位详情,"",36,/position/detail,,_self,sys:position:detail,1,1,1,20,
1797,1,2023-11-20 08:57:24.362047,0,2023-11-20 08:57:24.362072,0,设置状态,"",36,/position/status,,_self,sys:position:status,1,1,1,25,
1798,1,2023-11-20 08:57:24.365968,0,2023-11-20 08:57:24.365996,0,批量删除,"",36,/position/dall,,_self,sys:position:dall,1,1,1,30,
